prediction,probability
0,"[0.9986277180412381, 0.0013722819587618897]"
0,"[0.9986277180412381, 0.0013722819587618897]"
0,"[0.9986277180412381, 0.0013722819587618897]"
0,"[0.9986277180412381, 0.0013722819587618897]"
1,"[0.004914138262646417, 0.9950858617373536]"
